ChemicalName,Rating
12-Hexanediol,Good
10-HydroxydecanoicAcid,Good
4-T-butylcyclohexanol,Good
Acaciafarnesianaextract,Poor
acaciasenegalgum,Good
acai,Best
acerolafruitextract,Good
aceticacid,Poor
acetone,Poor
acetylatedcastoroil,Good
acetylatedhydrogenatedcottonseedglyceride,Good
acetylatedlanolin,Good
acetylatedlanolinalcohol,Good
acetylatedpalmkernelglycerides,Good
acetylcarnitineHCL,Best
acetylglucosamine,Best
acetylglycerylricinoleate,Good
acetylhexapeptide-8,Good
acetyloctapeptide-3,Good
acetyltetrapeptide-5,Best
acetyltributylcitrate,Average
acetyltyrosine,Good
Achilleamillefolium,Poor
acid,Average
acnesoap,Poor
acrylate,Good
acrylates/C10-30alkylacrylatecrosspolymer,Good
acrylates/dimethiconecopolymer,Good
acrylates/steareth-20methacrylatecopolymer,Good
acrylatescopolymer,Good
Actaearacemosa,Average
Actinidiachinensis(kiwifruit)extract,Best
adenosine,Best
adenosinephosphate,Best
adenosinetriphosphate,Best
adipicacid/neopentylglycol/trimelliticanhydridecopolymer,Good
advancedglycationendproduct(AGE),Poor
Aerocarpussantalinus,Poor
Aesculushippocastanum,Good
agar,Good
AGE,Poor
Agrimoniaeupatorialeafextract,Average
AHA,Best
Ahnfeltiaconcinnaextract,Good
ahnfeltiaextract,Good
Ahnfeltiopsisconcinnaextract,Good
alanine,Good
Alariaesculenta,Good
albumin,Poor
alcloxa,Poor
alcohol,Average
Aleuritesmoluccanaseedoil,Best
alfalfaextract,Best
algae,Good
algaeextract,Good
algin,Good
aliphatichydrocarbon,Good
alkaline,Poor
alkyloamides,Average
allantoin,Best
allylmethacrylatescrosspolymer,Good
almond/borage/linseed/oliveacidsglycerides,Best
almondoil,Best
Aloebarbadensis,Good
aloebarbadensisleafjuiceextract,Good
aloebarbadensisleafjuicepowder,Good
aloeextract,Good
aloejuice,Good
aloevera,Good
alphabisabolol,Best
alphaglucanoligosaccharide,Best
alphahydroxyacid,Best
alphaisomethylionone,Poor
alphalipoicacid,Best
alpha-tocopherol,Best
Alteromonasfermentextract,Good
Althaearosea,Good
Altheaofficinalis,Best
alumina,Good
aluminum,Good
Aluminumhydroxide,Good
aluminummagnesiumsilicate,Good
aluminumpowder,Good
aluminumsilicate,Good
aluminumstarchoctenylsuccinate,Good
aluminumstearate,Good
aluminumsulfate,Poor
aminoacid,Best
aminobutyricacid,Average
aminomethylpropanediol,Good
aminomethylpropanol,Good
ammoniumacryloyldimethyltaurate/VPcopolymer,Good
ammoniumchloride,Poor
ammoniumglycolate,Best
ammoniumhydroxide,Average
ammoniumlaurethsulfate,Good
ammoniumlaurylsulfate,Good
amodimethicone,Good
amygdalicacid,Good
amylcinnamate,Poor
amylsalicylate,Poor
amyrisoil,Poor
Anacycluspyrethrum,Poor
Anacystisnidulansextract,Good
Ananassativusfruitextract,Good
Anastaticahierochunticaextract,Best
andirobaoil,Good
Anethumgraveolens,Average
Angelicaarchangelicarootoil,Poor
Angelicapolymorphasinensisrootextract,Poor
anhydroxylitol,GOOD
anisaldehyde,Poor
anise,Poor
annatoextract,Good
Anthemisnobilisflowerextract,Best
anthocyanin,Best
antioxidant,Best
applefruitextract,Best
apricotkernel,Average
apricotkerneloil,Best
arachidicacid,Good
arachidylalcohol,Good
arachidylglucoside,Good
arachidylpropionate,Good
Arachishypogaeaextract,Best
arbutin,Best
Arctiumlappa,Best
Arctiummajus,Best
Arctostaphylosuvaursileaf,Best
Arganiaspinosa,Best
Arganiaspinosakerneloil,Best
arganoil,Best
arginine,Good
Argireline,Good
arnicaextract,Poor
aroma/flavor,Average
arrowroot,Average
artemiaextract,Good
Artemisiaabsinthiumextract,Average
Artemisiavulgaris,Average
Ascophyllumnodosum,Good
ascorbicacid,Best
ascorbylglucosamine,Best
ascorbylglucoside,Best
ascorbylmethylsilanolpectinate,Best
ascorbylpalmitate,Best
asparagine,Good
Asparagopsisarmataextract,Good
asparticacid,Good
astaxanthin,Best
astaxanthinextract,Best
Astragalusmembranaceus,Best
Astragalussinicus,Good
Astrocaryummurumuruseedbutter,Good
ATP,Best
atractylodesmacrocephalarootpowder,Best
Atractyloydeslancearootextract,Average
Avenasativa,Best
avobenzone,Best
avocadooil,Best
awapuhi,Poor
Azadirachtaindica,Poor
azelaicacid,Best
azelaoylbis-dipeptide-10,Best
Azelex,Best
azukibeans,Average
azulene,Average
babassuoil,Good
bakuchiol,Good
balmmintextract,Poor
balsamperu,Poor
Bambusavulgaris(bamboo)leaf/stemextract,Best
bananaextract,Average
barberry,Best
bariumsulfate,Poor
barleyextract,Average
batylalcohol,Good
bayleafoil,Poor
bearberryextract,Good
beepollen,Poor
beeswax,Good
beetrootextract,Good
beheneth-5,Good
behenicacid,Good
behentrimoniumchloride,Good
behenylalcohol,Good
Bellisperennis,Poor
bentonite,Good
benzalkoniumchloride,Average
benzephenone-3,Good
benzoicacid,Good
benzoinextract,Poor
benzophenone,Good
benzothoniumchloride,Good
benzoylperoxide,Best
benzylalcohol,Good
benzylsalicylate,Poor
Berberisaristata,Best
bergamotoil,Poor
Bertholletiaexcelsaextract,Good
beta-carotene,Good
beta-glucan,Best
betahydroxyacid,Best
betaine,Good
betainesalicylate,Good
beta-sitosterol,Best
Betavulgarisrootextract,Good
Betulaalba,Good
BHA(betahydroxyacid),Best
BHT,Average
bifidafermentlysate,Good
bilberryextract,Good
bioflavonoid,Best
biotin,Good
birchbarkextract,Good
birchleafextract,Good
bisabolol,Best
bis-diglycerylpolyacyladipate,Good
bismuthoxychloride,Average
bis-PEG-18methyletherdimethylsilane,Good
bis-phenylpropyldimethicone,Good
bitterorangeflower,Poor
blackberry,Best
blackcohosh,Average
blackcurrantoil,Best
blackelderberry,Good
blacklocustextract,Poor
blackmulberry,Good
blackpepperextractandoil,Poor
blackraspberry,Best
blacktea,Best
bladderwrackextract,Best
bloodwort,Poor
blue1,Good
blue1lake,Good
Boerhaviadiffusarootextract,Best
boisderoseoil,Poor
boisoil,Poor
borageseedextract,Best
borageseedoil,Best
Boragoofficinalisextract,Best
Boragoofficinalisseedoil,Best
borate,Poor
borax,Poor
boricacid,Good
boronnitride,Good
Boswelliacarterii,Poor
Boswelliaserrataextract,Average
botanicals,Average
boysenberry,Best
Brassicacampestris,Best
Brazilnutextract,Good
broadspectrum,Good
bromelain,Good
bronopol,Poor
bronzepowder,Good
Buddlejadavidiiextract,Best
bumetrizole,Good
Bupleurumfalcatumextract,Average
burdockroot,Best
butylacetate,Good
butyleneglycol,Good
butylmethoxydibenzoylmethane,Best
butylparaben,Good
butylphenylmethylpropional,Poor
Butyrospermumfruit,Best
Butyrospermumparkii,Best
Butyrosperumparkii(shea)butterextract,Best
Buxuschinensis,Best
C10-30cholesterol/lanosterolesters,Best
C11-15pareth-7,Good
C12-15alkylbenzoate,Good
C12-16pareth-9,Good
C12-18acidtriglyceride,Good
C13-14isoparaffin,Good
C13-15alkane,Good
C18-36acidtriglyceride,Good
C20-40pareth-40,Good
caffeicacid,Best
caffeine,Average
cajeputioil,Poor
calamine,Poor
calciumaluminumborosilicate,Good
calciumascorbate,Best
calciumcarbonate,Good
calciumd-pantetheine-s-sulfonate,Good
calciumgluconate,Good
calciumpantothenate,Good
calendulaextract,Good
Calendulaofficinalisflowerextract,Good
Callunavulgarisflowerextract,Best
Calophylluminophyllumseedoil,Good
Camelliajaponica,Best
Camelliaoleifera,Best
Camelliasinensis,Best
camphor,Poor
canangaextract,Poor
Canangaodorata,Poor
candelilla/jojoba/ricebranpolyglyceryl-3esters,Best
candelillawax,Good
CannabissativaL.oil,Good
canolaoil,Best
caprooylphytosphingosine,Best
caprooylsphingosine,Best
caprooyltetrapeptide-3,Best
caprylic/caprictriglyceride,Best
capryloylglycerin/sebacicacidcopolymer,Good
capryloylglycine,Good
caprylylcaprylate/caprate,Good
caprylylglycol,Good
caprylylmethicone,Good
capsaicin,Poor
capsicum,Poor
capsicumoleoresin,Poor
caramel,Good
carbomer,Good
carbopol,Good
carboxylicacid,Best
cardamom,Poor
carmine,Good
carnaubawax,Good
carnitine,Best
carnosicacid,Best
carnosine,Best
carnosolacid,Best
carrageenan,Good
carrotoil,Best
Carthamustinctoriusoil,Best
carvone,Poor
Caryaillinoensisoil,Good
casein,Good
Castaneasativaseedextract,Good
castorisostearatesuccinate,Good
castoroil,Good
catalase,Best
Caulerpataxifoliaextract,Good
cedarwood,Poor
Cedrusatlanticabarkextract,Poor
cellulose,Good
Cellulosegum,Good
Centaureacyanus,Best
Centellaasiatica,Best
cephalin,Best
Ceraalba,Good
ceramicrocristallina,Good
ceramideAP,Best
ceramideEOP,Best
ceramideEOS,Best
ceramideNG,Best
ceramideNP,Best
ceramideNS,Best
ceramides,Best
ceresin,Good
ceteareth-20,Good
ceteareth-25,Good
ceteareth-6olivate,Good
cetearylalcohol,Good
cetearylethylhexanoate,Good
cetearylglucoside,Good
cetearyloctanoate,Good
cetearylolivate,Good
cetylacetate,Good
cetylalcohol,Good
cetyldimethicone,Good
cetyldimethiconecopolyol,Good
cetylesters,Good
cetylhydroxyethylcellulose,Good
cetylpalmitate,Good
cetylPEG/PPG-10/1-dimethicone,Good
chamomile,Best
Chamomillarecutitaflowerextract,Best
charcoal,Good
charcoalpowder,Good
chelatingagent,Good
cherryextract,Best
Chinaclay,Good
chitosan,Best
chlorella,Good
chlorophene,Good
chloroxylenol,Good
chlorphenesin,Good
cholecalciferol,Good
cholesterol,Best
choline,Best
chondroitinsulfate,Best
Chondruscrispus,Good
chromiumhydroxidegreen,Good
chromiumoxidegreen,Good
chrysanthemumextract,Average
Chrysanthemumpartheniumextract,Average
Cichoriumintybus,Good
Cimicifugaracemosarootextract,Average
Cinnamomum,Poor
Cinnamomumcamphora,Poor
cinnamon,Poor
cinnamylalcohol,Poor
citratebuffer,Good
citricacid,Good
citronellol,Poor
Citrulluscolocynthis,Poor
Citrusamara,Poor
Citrusaurantifolia,Poor
Citrusaurantium,Poor
Citrusaurantiumextract,Poor
Citrusmedicalimonium,Poor
Citrusunshiu,Average
Citrusunshiupeelextract,Average
claryoil,Poor
clarysage,Good
clay,Good
cloveleaf,Poor
cloveoil,Poor
cloverblossom,Poor
cloverleafoil,Poor
cocamideDEAandMEA,Average
cocamidopropylbetaine,Good
cocamidopropyldimethylamine,Good
cocamidopropylhydroxysultaine,Good
cocoabutter,Best
cocoaextract,Best
coco-glucoside,Good
cocoglycerides,Good
coconut,Good
coconutacid,Good
coconutoil,Best
cocosnucifera(coconut)fruitextract,Best
cocoylproline,Good
Cocusnucifera,Best
Codiumtomentosumextract,Good
coenzymeQ10,Best
Coffeaarabica(coffee)fruitextract,Best
Coffeaarabica(coffee)seedoil,Best
Coffeaarabicaseedextract,Best
Colaacuminataseedextract,Average
Coleusbarbatus,Poor
collagenaminoacids,Good
colloidaloatmeal,Best
colloidalsilver,Poor
comfreyextract,Poor
Commiphoramyrrhaextract,Poor
coneflower,Good
Copaiferaofficinalis,Poor
Coperniciaceriferawax,Good
coppergluconate,Good
copperlysinate/prolinate,Good
copperPCA,Good
copperpeptides,Good
coppersulfate,Average
Corallinaofficinalisextract,Good
coriander,Good
cornflower,Best
cornmint,Poor
cornoil,Best
cornstarch,Good
Cornusextract,Good
Corylusamericana,Good
Corylusavellana,Good
coumarin,Good
cranberryseedextract,Best
cranberryseedoil,Best
Crataegusmonoginaextract,Average
creatine,Best
cucumberextract,Good
Cucumismelo(melon)fruitextract,Best
Cucumissativusextract,Good
Cucurbitapeposeedextract,Best
Cucurbiteapeponis,Best
Curcumalongaroot,Best
curcumin,Best
Cyamopsistetragonoloba,Good
cyanocobalamin,Good
cyclamenaldehyde,Poor
cyclohexasiloxane,Good
cyclomethicone,Good
cyclopentasiloxane,Good
cyclotetrasiloxane,Good
Cymbopogoncitrates,Poor
Cymbopogonmartini,Poor
cysteine,Good
cystine,Good
D&C,Good
D&Ccolors,Good
daisyflowerextract,Poor
d-alpha-tocopherol,Best
Daucuscarota,Poor
DEAoleth-10phosphate,Good
decarboxycarnosineHCL,Best
decyleneglycol,Good
decylglucoside,Good
decyloleate,Good
dehydroaceticacid,Good
dehydroepiandrosterone,Average
deionized/demineralizedwater,Good
denaturedalcohol,Poor
deoxyribonucleicacid,Average
detergentcleansingagent,Good
deuteriumoxide,Average
dextran,Good
dextrin,Good
DHA,Good
diatomaceousearth,Average
diazolidinylurea,Average
dibutylphthalate,Average
dicaprylylcarbonate,Good
dicetylphosphate,Good
diethylhexylcarbonate,Good
diethylhexylmalate,Good
diethylhexylsyringylidenemalonate,Good
diheptylsuccinate,Best
dihydrocholeth-30,Good
dihydroxyacetone,Good
diisopropyladipate,Good
diisopropyldimerdilinoleate,Good
diisostearoyltrimethylolpropanesiloxysilicate,Good
diisostearyldimerdilinoleate,Good
diisostearylmalate,Good
diisostearylpolyglyceryl-3dimerdilinoleate,Good
dimerdilinoleyldimerdilinoleate,Good
dimethicone,Good
dimethicone/PEG-10/15crosspolymer,Good
dimethicone/vinyldimethiconecrosspolymer,Good
dimethiconecopolyol,Good
dimethiconecrosspolymer,Good
dimethiconol,Good
dimethylcapramide,Good
dimethylether,Poor
dimethylisosorbide,Good
dimethylMEA,Average
Dioscoreavillosaextract,Average
dipentaerythritylhexacaprylate/hexacaprate,Good
dipotassiumglycyrrhizate,Best
dipotassiumglycyrrhizinate,Best
dipotassiumphosphate,Good
di-PPG-3myristyletheradipate,Good
dipropyleneglycol,Good
disodiumcocoamphodiacetate,Good
disodiumcocoylglutamate,Good
disodiumdiglycerylphosphate,Good
disodiumEDTA,Good
disodiumglycerylphosphate,Good
disodiumlauraminopropionate,Good
disodiumlauriminodipropionatetocopherylphosphates,Good
disodiumrutinyldisulfate,Good
disteardimoniumhectorite,Good
DMAE,Average
DMDMhydantoin,Average
docosahexaenoicacid,Good
dogrose,Good
dogwood,Good
Dromiceiusoil,Good
dulse,Good
Dunaliellasalinaextract,Best
durian,Good
Durvillaeaantarcticaextract,Good
ecamsule,Best
Echiumplantagineumseedoil,Best
Ecliptaprostrataextract,Best
ectoin,Good
EDTA,Good
eggyolk,Best
eicosapentaenoicacid,Best
Elaeisguineensis,Best
elderberry,Good
elecampane,Poor
ellagicacid,Best
emollient,Good
emulsifier,Good
emuoil,Good
Englishivyextract,Poor
Enteromorphacompressaextract,Good
environmentaldamage,Poor
enzymes,Good
epigallocatechingallate,Best
Epilobiumangustifoliumextract,Best
Equisetumarvense,Poor
ergocalciferol,Good
ergothioneine,Best
Eriobotryajaponica,Best
erythrulose,Good
esculin,Poor
essentialoil,Poor
ester,Good
Ester-C,Best
ethanol,Poor
ethoxydiglycol,Good
ethylalcohol,Poor
ethylhexanediol,Average
ethylhexylglycerin,Good
ethylhexylmethoxycinnamate,Best
ethylhexylolivate,Best
ethylhexylpalmitate,Good
ethylhexylstearate,Good
ethylmacadamiate,Good
ethylparaben,Good
ethylvanillin,Good
eucalyptusextract,Poor
eucalyptusoil,Poor
Eugeniaaromatica,Poor
Eugeniacaryophyllus,Poor
eugenol,Poor
Euphorbiaceriferawax,Good
Euphrasiaofficinalis,Average
Euterpeoleracea(acai)sterols,Best
Euterpeoleraceafruitextract,Best
eveningprimroseoil,Best
Evodiarutaecarpaextract,Good
Ext.D&C,Good
eyebright,Average
faex,Good
farnesol,Average
farnesylacetate,Average
fattyacid,Best
fattyalcohol,Good
FD&C,Good
FD&Ccolors,Good
fenneloil,Poor
fennelseedextract,Poor
ferricammoniumferrocyanide,Good
ferricferrocyanide,Good
Ferulagalbaniflua,Poor
ferulicacid,Best
feverfewextract,Good
fibronectin,Good
Ficuscaricafruitextract,Poor
fig,Poor
Filipendulaglaberrima,Best
Filipendularubra,Best
film-formingagent,Good
fireweedextract,Best
firneedleoil,Poor
fishcartilageextract,Average
flavonoid,Best
flavor,Average
flax,Best
flaxseedoil,Best
floralozone,Poor
Foeniculumvulgareextract,Poor
folicacid,Good
formaldehyde-releasingpreservative,Average
fragrance,Poor
frankincenseextract,Poor
fructose,Good
fruitacid,Average
Fucusvesiculosusextract,Best
Fuling,Best
fuller'searth,Good
galactoarabinan,Good
galbanum,Poor
gammalinolenicacid(GLA),Best
Ganodermalucidumextract,Average
Gardeniafloridaextract,Poor
gelatin,Good
gellangum,Good
Gellidielaacerosaextract,Good
genistein,Best
Gentianalutea(Gentian)rootextract,Best
geraniol,Average
geraniumextract,Best
geraniumoil,Poor
Geraniumpretense,Poor
GermabenII,Good
gingerextract,Good
gingeroil,Poor
Ginkgobilobaleafextract,Best
ginseng,Best
GLA,Best
glabridin,Best
gluconolactone,Best
glucosamineHCL,Best
glucose,Good
glucoseoxidase,Good
glucosylhesperidin,Best
glutamicacid,Good
glutamine,Best
glutathione,Best
gluteningredients,Good
glycereth-26,Good
glycereth-26phosphate,Good
glycereth-6laurate,Good
glycerin,Best
glycerine,Best
glycerol,Best
glycerolmonostearate,Good
glyceroltriacetate,Good
glyceroltrioleate,Good
glycerylascorbate,Best
glycerylbehanate,Good
glycerylbehenate,Best
glycerylbehenate/eicosadioate,Good
glycerylcocoate,Good
glyceryldibehanate,Good
glyceryldipalmitate,Good
glyceryldistearate,Good
glycerylester,Good
glycerylisopalmitate,Good
glycerylisostearate,Good
glycerylmyristate,Good
glyceryloleate,Good
glycerylpalmitate,Good
glycerylpolymethacrylate,Good
glycerylrosinate,Good
glycerylstearate,Good
glycerylstearateSE,Good
glycine,Good
Glycinesojaoil,Best
Glycinesojaseedextract,Best
Glycinesojasterols,Best
glycogen,Good
glycolicacid,Best
glycolipid,Best
glycolstearate,Good
glycoproteins,Best
glycosaminoglycans,Best
glycosphingolipid,Best
glycyrrheticacid,Best
glycyrrhetinicacid,Best
Glycyrrhizaglabra,Best
Glycyrrhizauralensisrootextract,Best
gojifruitextract,Good
gold,Poor
Gossypiumherbacuemseedoil,Good
gotukola,Best
grapefruitoil,Poor
grapefruitpeelextract,Poor
grapefruitseedextract,Poor
grapeseedextract,Best
grapeseedoil,Best
greentea,Best
gromwell,Best
guarana,Poor
guargum,Good
guarhydroxypropyltrimoniumchloride,Good
guava,Best
gums,Good
Haematococcuspluvialisextract,Best
Hamamelisvirginiana,Poor
hamamelitannin,Poor
Hasleaostreariaextract,Good
hayflowerextract,Poor
hazelnutoil,Good
hectorite,Good
Hederahelix,Poor
hedione,Poor
Helianthusannuusseedoil,Best
Helianthusoil,Best
hempseedoil,Good
hesperidin,Best
hesperidinmethylchalcone,Good
hexanoyldipeptide-3norleucineacetate,Best
hexylcinnamal,Poor
hexyldecanol,Good
hexyleneglycol,Good
hexyllaurate,Good
hexylresorcinol,Average
hibiscus,Good
Himanthaliaelongateextract,Good
Hippophaerhamnoides,Good
histidine,Good
hoelen,Best
homosalate,Best
honey,Best
honeyextract,Best
honeysuckleflowerextract,Best
hops,Average
Hordeumvulgareextract,Average
horsechestnutextract,Good
horseelder,Poor
horseradish,Poor
horsetailextract,Average
Hortoniafloribundaleafextract,Average
Huangqi,Good
Humuluslupulusextract,Average
hyaluronicacid,Best
Hydnocarpusanthelmintica,Poor
Hydrastiscanadenis,Poor
hydrocotylextract,Best
hydrogenatedcoco-glyceride,Good
hydrogenateddidecene,Good
hydrogenatedlecithin,Best
hydrogenatedoliveoil,Best
hydrogenatedpalmglycerides,Good
hydrogenatedpolydecene,Good
hydrogenatedpolyisobutene,Good
hydrogenatedsoybeanoil,Best
hydrogenatedstarchhydrolysate,Good
hydrogenatedvegetableglyceridescitrate,Good
hydrogenperoxide,Poor
hydrolyzedacaciamacrostachyaseedextract,Good
hydrolyzedalgaeextract,Good
hydrolyzedcornstarch,Good
hydrolyzederucasativa(arugula)leaf,Best
hydrolyzedglycosaminoglycans,Best
hydrolyzedjojobaesters,Best
hydrolyzedjojobaprotein,Good
hydrolyzedpumpkinseedcake,Best
hydrolyzedsilk,Good
hydrolyzedsoyprotein,Best
hydrolyzedvegetableprotein,Good
hydrolyzedwheatprotein,Good
hydroquinone,Best
hydroxyethylacrylate/sodiumacryloyldimethyltauratecopolymer,Good
hydroxyethylcellulose,Good
hydroxyethylpiperazineethanesulfonicacid,Poor
hydroxyethylurea,Good
hydroxylatedlecithin,Best
hydroxypropylcyclodextrin,Good
hydroxypropylguar,Good
hydroxypropylstarchphosphate,Good
Hypericumextract,Good
hyssop,Average
idebenone,Best
Ilexparaguariensis,Best
Illiciumvernum,Poor
imidazolidinylurea,Average
inactiveingredient,Good
inositol,Best
Inulahelenium,Poor
iodopropynylbutylcarbamate,Good
Irisflorentinaextract,Poor
Irishmossextract,Good
ironoxides,Good
ironpowder,Average
isoamylcocoate,Good
isoamyllaurate,Good
isobutylacetate,Good
isobutylparaben,Good
isocetylsalicylate,Average
isododecane,Good
isoflavone,Best
isohexadecane,Good
isoleucine,Good
isononylisononanoate,Good
isoparaffin,Good
isopropylalcohol,Poor
isopropylisostearate,Good
isopropyllanolate,Good
isopropylmyristate,Good
isopropylpalmitate,Good
isopropyltitaniumtriisostearate,Good
isopropyltitaniumtriisostearte/triethoxycaprylylsilanecrosspolymer,Good
isostearamideDEA,Good
isostearicacid,Good
ivyextract,Poor
Japanwax,Good
jasmineoil,Poor
Jasminiumgrandiflorum,Poor
jojobabutter,Best
jojobaesters,Best
jojobaoil,Best
jojobawax,Best
jonquilextract,Poor
Juhua,Good
jujubefruitextract,Good
juniperberry,Poor
Juniperuscommunis,Poor
kaolin,Good
KathonCG,Poor
kava-kavaextract,Poor
kawaextract,Poor
kelpextract,Good
Kigeliaafricanaextract,Average
kiwifruitextract,Best
kojicacid,Good
kojicdipalmitate,Good
kolanut,Average
kudzuroot,Best
kukuinutoil,Best
lacticacid,Best
lactobionate,Good
lactobionicacid,Best
lactoperoxidase,Best
lady'smantleextract,Poor
lady'sthistle(milkthistle)extract,Best
Lagerstroemiaindicaextract,Average
Laminariadigitata,Good
Laminarialongicruris,Good
Laminariaochroleucaextract,Good
Laminariasacharrina,Good
Lamiumalbumflowerextract,Best
lanolin,Good
lanolinalcohol,Good
lappaextract,Good
Larreadivaricataextract,Good
Larreatridentata,Good
L-ascorbicacid,Best
lauramphocarboxyglycinate,Good
laurdimoniumhydroxypropylhydrolyzedsoyprotein,Good
laurdimoniumhydroxypropylhydrolyzedwheatprotein,Good
laureth-23,Good
laureth-4,Good
laureth-7,Good
laureths,Good
lauricacid,Best
lauroyllysine,Good
Laurusnobilis,Poor
laurylalcohol,Good
laurylglucoside,Good
lauryllactate,Good
lauryllaurate,Best
laurylPEG-9polydimethylsiloxyethyldimethicone,Good
lavandinoil,Poor
Lavandulaangustifolia,Poor
Lavandulaofficinalis,Poor
lavenderextractandoil,Poor
L-cysteine,Good
lecithin,Best
lemon,Poor
lemonbalm,Poor
lemongrassextract,Poor
lemongrassoil,Poor
lemonjuice,Poor
lemonoil,Poor
lentilfruitextract,Good
Lentinusedodesextract,Average
Leontopodiumalpinumextract,Best
Leptospermumscopariumoil,Good
leucine,Good
leuconostoc/radishrootfermentfiltrate,Good
Levisticumofficinalerootextract,Poor
licoriceextract,Best
licoriceroot,Best
Liliumcandidumbulbextract,Average
limeoilandextract,Poor
Limnanthesalba,Good
Limnanthesalbaseedoil,Good
limonene,Poor
linalool,Poor
lindenflowerextract,Best
linoleicacid,Best
linolenicacid,Best
linseedoil,Best
Linumusitatissimumextract,Best
lipid,Best
liposomes,Good
lithiummagnesiumsodiumsilicate,Good
Lithospermumerythrorhizon,Best
Litseacubeba,Poor
locustbean,Good
Loniceracaprifoliumflowerextract,Best
Lonicerajaponica,Best
Lonicerajaponicaflowerextract,Best
loquatextract,Best
lotusseedextract,Best
lovagerootextract,Poor
lupine,Good
lupineoil,Average
Lupinusalbusextract,Good
lutein,Best
Lyciumbarbarumfruitextract,Good
lycopene,Best
lye,Poor
lysine,Good
lysineHCI,Best
macadamianutoil,Good
madecassoside,Best
magnesium,Good
magnesiumaluminumsilicate,Good
magnesiumascorbylpalmitate,Good
magnesiumascorbylphosphate,Best
magnesiumaspartate,Good
magnesiumcarbonate,Good
magnesiumhydroxide,Good
magnesiumlaurethsulfate,Good
magnesiumolethsulfate,Good
magnesiumstearate,Good
magnesiumsulfate,Good
Mahoniaaquifoliumrootextract,Good
malicacid,Best
mallow,Best
maltodextrin,Good
maltooligosylglucoside,Good
malvaceaeextract,Average
Malvasylvestrisextract,Good
mandarinorangeoilorextract,Poor
mandelicacid,Good
manganesegluconate,Average
manganeseviolet,Good
Mangiferaindica(mango)seedbutter,Best
Mangiferaindicaroot,Good
manukaoil,Good
marigold,Good
marionberry,Good
marjoram,Poor
marshmallow,Best
Mastocarpusstellatus,Good
mateextract,Best
matricariaoil,Best
MEA,Average
meadowfoamseedoil,Good
meadowsweetextract,Best
Medicagosativa,Best
Melaleucaalternifolia,Good
Melaleucacajeputioil,Poor
Meliaazadirachtaextract,Best
Meliaazadirachtaleafextract,Best
Meliaazadirachtaoil,Poor
melibiose,Good
Melissaofficinalis,Poor
Menthaarvensis,Poor
Menthapiperita,Poor
Menthaspicata,Poor
Menthaviridis,Poor
menthol,Poor
menthone,Poor
menthoxypropanediol,Poor
menthylanthranilate,Best
menthyllactate,Poor
meradmiate,Best
methanol,Poor
methicone,Good
methionine,Good
methylchloroisothiazolinone,Poor
methyldibromoglutaronitrile,Poor
methyldihydrojasmonate,Poor
methylgluceth-20,Good
methylgluceth-20benzoate,Good
methylglucosesesquistearate,Good
methylglucosidephosphate,Good
methylisothiazolinone,Poor
methylparaben,Good
methylpropanediol,Good
methylsilanolmannuronate,Good
methylsilanolPEG-7glycerylcocoate,Good
methylsufonylsulfate,Good
methyltrimethicone,Good
MexorylSX,Best
mica,Good
microcrystallinewax,Good
Microcystisaeruginosa,Good
milkprotein,Good
milkvetchroot,Good
milletseedextract,Average
mimosaoilorextract,Poor
mineraloil,Good
mint,Poor
mixedfruitextracts,Good
montanwax,Good
montmorillonite,Good
Morindacitrifolia,Good
Moringaoleiferaseedoil,Best
Morusalbarootextract,Good
Morusbombycisrootextract,Good
Morusnigrarootextract,Good
mucopolysaccharide,Best
Mucormieheiextract,Average
mugwortextract,Average
mulberryextract,Good
murumuruseedbutter,Good
myristicacid,Good
myristoylhexapeptide-16,Best
myristoylpentapeptide-17,Best
myristoyltripeptide-31,Best
myristylalcohol,Good
myristylmyristate,Good
myristylnicotinate,Best
myrrh,Poor
myrtleextract,Poor
Myrtuscommunisextract,Poor
N6-furfuryladenine,Average
N-acetyl-Ltyrosine,Average
NaPCA,Good
Narcissuspoeticuswax,Poor
Nardostachysjatamansi,Good
Nasturtiumofficinaleextract,Average
nattogum,Good
naturalmoisturizingfactor(NMF),Best
neemextract,Best
neemoil,Poor
neopentylglycoldicaprylate/dicaprate,Good
neopentylglycoldiheptanoate,Good
neroli,Poor
nerolioil,Poor
nettleextract,Average
niacin,Best
niacinamide,Best
nicotinamide,Best
nicotinicacid,Best
nonijuice,Good
nonoxynols,Good
nylon-12,Good
Nymphaeatetragona,Best
oakrootextract,Poor
oatbeta-glucan,Best
oatbranextract,Best
oatkernelextract,Best
oatmeal,Best
octinoxate,Best
octisalate,Best
octocrylene,Best
octyldodecanol,Good
octyldodecylmyristate,Good
octyldodecylneopentanoate,Good
octylmethoxycinnamate,Best
octylpalmitate,Good
octylsalicylate,Best
octylstearate,Good
o-cymen-5-ol,Good
Oenotherabiennisoil,Best
Oleaeuropaeafruitoil,Good
Oleaeuropaeaoilunsaponifiables,Best
oleanolicacid,Best
oleicacid,Good
oleth-10,Good
oleths,Good
oleylerucate,Good
olibanumextract,Poor
oliveoil/olivefruitoil,Good
Optuniaficus-indicastemextract,Best
orangeblossom,Poor
Orbignyamartiana,Good
Orbignyaoleifera,Good
orchid,Poor
oregano,Poor
Origanummajorana,Poor
Origanumvulgareflowerextract,Poor
orrisroot,Poor
oryzanol,Good
Oryzasativacera,Best
Oryzasativaoil,Good
oxidoreductase,Best
oxybenzone,Best
ozokerite,Good
P.elisabethae,Good
PABA,Poor
padimateO,Average
Padinapavonicaextract,Good
Paeoniaalbifloraextract,Average
Paeoniasuffruticosaextract,Average
Palmariapalmataextract,Good
palmarosaoil,Poor
palmiticacid,Good
palmitoyldipeptide-10,Best
palmitoylhexapeptide-12,Best
palmitoyloligopeptide,Best
palmitoylpentapeptide-4,Best
palmitoyltetrapeptide-7,Best
palmitoyltripeptide-1,Best
PalmitoylTripeptide-38,Best
palmitoyltripeptide-5,Best
palmitoyltripeptide-8,Best
palmkernelacid,Good
palmoil,Best
Panaxginsengrootextract,Best
Panicummiliaceum,Average
pansyextract,Average
pantethine,Good
panthenol,Best
pantothenicacid,Best
papain,Poor
papayaextract,Average
para-aminobenzoicacid(PABA),Poor
parabens,Good
paraffin,Good
Paraffinumliquidum,Good
Parsol1789,Best
Passifloraedulisextract,Good
Passifloraedulisseedoil,Best
passionfruitextract,Good
patchouli,Poor
pawpawextract,Average
PCA,Good
peanutoil,Good
pecanoil,Good
pectin,Good
PEG/PPG-17/6copolymer,Good
PEG/PPG-18/18dimethicone,Good
PEG/PPG-18/4copolymer,Good
PEG/PPG-20/15dimethicone,Good
PEG-100stearate,Good
PEG-10dimethicone,Good
PEG-10dimethicone/vinyldimethiconecrosspolymer,Good
PEG-10phytosterol,Good
PEG-10rapeseedsterol,Good
PEG-120methylglucosedioleate,Good
PEG-12dimethicone,Good
PEG-12glyceryldimyristate,Good
PEG-14,Good
PEG-150distearate,Good
PEG-20methylglucosesesquistearate,Good
PEG-32,Good
PEG-33,Good
PEG-40hydrogenatedcastoroil,Good
PEG-40stearate,Good
PEG-60almondglycerides,Good
PEG-60hydrogenatedcastoroil,Good
PEG-75sheabutterglycerides,Good
PEG-7glycerylcocoate,Good
PEG-8,Good
PEG-80sorbitanlaurate,Good
PEG-8dimethicone,Good
PEG90M,Good
PEGcompound,Good
Pelargoniumgraveolensoil,Poor
pellitory,Poor
pentadecalactone,Poor
pentaerythrityltetraisostearate,Good
pentaerythrityltetraoctanoate,Good
pentapeptides,Best
pentasodiumpentetate,Good
pentyleneglycol,Good
peppermint,Poor
peptides,Best
Perillaocymoides,Average
Perseagratissimaoil,Best
Persicariahydropiper,Best
petitgrainmandarin,Poor
petrolatum,Good
Peucedanumgraveolens(dill)extract,Best
PHA,Best
phenoxyethanol,Good
phenoxyisopropanol,Good
phenylalanine,Good
phenylethylresorcinol,Average
phenyltrimethicone,Good
phloretin,Best
phosphatidylcholine,Best
phosphatidylethanolamine,Best
phospholipid,Best
phosphoricacid,Good
photosensitizer,Poor
phthalates,Average
Phyllanthusemblicafruitextract,Best
physalisangulataextract,Best
phytantriol,Good
phyticacid,Good
phytonadione,Good
phytosphingosine,Best
phytosterol,Best
phytosteryl/octyldodecyllauroylglutamate,Best
Piceaabiesextract,Best
pineappleextract,Good
pineconeextract,Good
pineoil,Poor
Pinuslambertianawoodextract,Poor
Pinussylvestrisextract,Good
Pipernigrum,Poor
pistachioseedoil,Good
Pistaciaveraseedoil,Good
Pisumsativum,Good
planktonextract,Good
plasticizingagents,Average
plumextract,Good
plumseedoil,Best
Pogostemoncablin,Poor
poloxamer184,Good
Poloxamer407,Good
poloxamers,Good
polyacrylamide,Good
polyacrylate-17,Good
polyacrylatecrosspolymer,Good
polyaminopropylbiguanide,Good
polybutene,Good
polyethylene,Good
polyethyleneglycol,Good
polyglucuronicacid,Good
polyglycerolmonostearate,Good
polyglyceryl-10caprylate/caprate,Good
polyglyceryl-10dioleate,Good
polyglyceryl-10laurate,Good
polyglyceryl-10stearate,Good
polyglyceryl2triisostearate,Good
polyglyceryl-3beeswax,Good
polyglyceryl-3methylglucosedistearate,Good
polyglyceryl-3ricebranate,Best
polyglyceryl-4isostearate,Good
polyglyceryl-4laurate,Good
polyglyceryl-6isostearate,Good
polyglycerylmethacrylate,Good
polyhydroxyacid,Best
polyhydroxystearicacid,Good
polyisobutene,Good
polymer,Good
polymethylsilsesquioxane,Good
polypropyleneglycol,Good
polyquaternium-10,Good
polyquaterniums,Good
polysaccharide,Best
polysilicone-11,Good
polysorbate20,Good
polysorbate60,Good
polysorbate80,Good
polysorbates,Good
polyvinylalcohol,Average
polyvinylpyrrolidone,Good
pomegranateextract,Best
Pongamiaglabraseedoil,Best
Poriacocosextract,Best
Porphyridiumcruentumextract,Average
Portulacaoleraceaextract,Best
potassium,Good
potassiumascorbyltocopherylphosphate,Best
potassiumazeloyldiglycinate,Best
potassiumcetylphosphate,Good
potassiumcitrate,Good
potassiumhydroxide,Average
potassiummyristate,Average
potassiumphosphate,Good
potassiumsorbate,Good
PPG-12/SMDIcopolymer,Good
PPG-12buteth-16,Good
PPG-14butylether,Good
PPG-20methylglucoseether,Good
PPG-26-Buteth-26,Good
PPG-2-deceth-30,Good
PPG-2myristyletherpropionate,Good
PPG-3benzylethermyristate,Good
preservatives,Good
proline,Good
propanediol,Good
propolis,Good
propylenecarbonate,Good
propyleneglycol,Good
propyleneglycoldicaprylate/dicaprate,Good
propyleneglycolisostearate,Good
propyleneglycollaurate,Good
propyleneglycolstearate,Good
propylgallate,Best
propylparaben,Good
Prunellavulgaris,Average
Prunusamericana,Good
Prunusamygdalusdulcis,Good
Prunusarmeniaca,Good
Prunusdomesticaseedextract,Good
Prunusdomesticaseedoil,Best
Prunusdulcis,Good
Prunusserotina(wildcherry)fruitextract,Best
Pseudopterogorgiaelisabethae,Best
Psidiumguajavafruitextract,Best
Puerarialobata,Best
pullulan,Good
pumpkin,Best
pumpkinseedextract,Best
Punicagranatumextract,Best
purifiedwater,Good
PVM/MAdecadienecrosspolymer,Good
PVP,Good
PVP/dimethylaminoethylmethacrylate,Good
PVPcopolymer,Good
pycnogenol,Good
pyridoxinehydrochloride(HCL),Good
Pyruscydonia,Poor
Pyrusmalus(apple)fruitextract,Good
quaternium-15,Average
quaternium-18hectorite,Good
quaterniumammoniumcompounds,Good
quercetin,Best
quercus,Poor
Quercusinfectoriaextract,Poor
quillajaextract,Good
quinceseed,Poor
quinoaoil,Good
rapeseedoil,Best
raspberryseedextract,Good
raspberryseedoil,Good
red27lake,Good
red28,Good
red33,Good
red6lake,Good
red7lake,Good
redalgae,Good
redclover,Good
redraspberryextract,Good
reducingagent,Good
resveratrol,Best
retinol,Best
retinylascorbate,Best
retinylpalmitate,Best
retinylretinoate,Best
Rhodiolarosearootextract,Best
riboflavin,Average
ricebranoil,Good
riceoil,Good
ricestarch,Good
ricinoleate,Good
Ricinuscommunis,Good
Robiniapseudacaciaextract,Poor
Rosacanina,Good
Rosacentifolia,Good
Rosacentifoliaflower,Good
Rosadamascenaoil,Poor
Rosaeglanteria,Good
Rosagallicaflowerextract,Poor
Rosamosqueta,Good
Rosaroxburghiiextract,Best
Rosarubiginosa,Good
roseflower,Poor
rosefloweroil,Poor
rosehip,Good
rosehipoil,Good
rosemaryextract,Good
rosemaryoil,Poor
roseoil,Poor
rosewoodoil,Poor
Rosmarinusofficinalisextract,Good
royaljelly,Average
Rubusidaeus,Good
Rubusoccidentalis,Best
Rubusursinus,Good
Rubusursinusxidaeus,Best
Rubusvilloscus,Best
Ruscusaculeatus,Average
rutin,Best
saccharideisomerate,Good
saccharides,Best
Saccharomycescalciumferment,Average
Saccharomycescerevisiae,Average
Saccharomycescopperferment,Average
Saccharomycesironferment,Average
Saccharomyceslysate,Good
Saccharomycesmagnesiumferment,Average
Saccharomycesmanganeseferment,Average
Saccharomycesofficinarumferment,Average
Saccharomycespotassiumferment,Average
saccharomycesseleniumferment,Good
Saccharomycessiliconferment,Average
Saccharomyceszincferment,Average
safflowerseedoil,Best
sageextract,Average
salicin,Good
salicylicacid,Best
Salixalbaextract,Good
Salixnigra(willow)barkextract,Good
Salviahispanica(chia)seedoil,Best
Salviaofficinalis,Poor
Sambucuscanadensis,Good
Sambucuscerulea,Good
Sambucusnigra,Good
Sambucusnigrafruitextract,Good
sandalwoodoil,Poor
Santalumalbumseedextract,Average
Sapindusmukurossipeelextract,Good
Saponariaofficinalisextract,Good
saponin,Good
sarcosine,Good
Sargassumfilipendulaextract,Good
sausurreaoil,Poor
Saxifragasarmentosaextract,Average
sclareolide,Poor
Sclerocaryabirrea,Best
sclerotiumgum,Good
Scutellariabaicalensisextract,Good
SDalcohol,Poor
SDalcohol40-2,Poor
seabuckthorn,Good
Seamollient,Good
seasalt,Average
seaweed,Good
seawhipextract,Best
sebacicacid,Good
selenium,Best
Serenoaserrulataextract,Average
sericin,Good
serine,Good
sesameoil,Good
Sesamumindicum,Good
sesquioleate,Good
sheabutter,Best
Siegesbeckiaorientalis,Average
silanetriol,Good
silica,Good
silicadimethylsilylate,Good
silicasilylate,Good
silicate,Good
silicone,Good
silk,Good
silkpowder,Good
silkprotein,Good
siloxane,Good
silt,Good
silver,Poor
silverchloride,Average
silvertipwhitetealeafextract,Best
Silybummarianumextract,Best
simethicone,Good
Simmondsiachinensis,Best
skin-replenishingingredients,Best
skin-restoringingredients,Best
skullcapextract,Good
slipagent,Good
slipperyelmbark,Good
soap,Poor
soapberryextract,Good
soapwort,Good
sodiumacetate,Good
sodiumacrylate/acryloydimethyltauratecopolymer,Good
sodiumacrylatescopolymer,Good
sodiumascorbate,Best
sodiumascorbylphosphate,Best
sodiumbenzoate,Good
sodiumbicarbonate,Good
sodiumbisulfite,Average
sodiumborate,Poor
sodiumC14-16olefinsulfonate,Poor
sodiumcarbomer,Good
sodiumcarbonate,Poor
sodiumcarboxymethylbeta-glucan,Good
sodiumcetearylsulfate,Good
sodiumchloride,Good
sodiumchondroitinsulfate,Best
sodiumcitrate,Good
sodiumcocoamphoacetate,Good
sodiumcocoate,Poor
sodiumcocoylaminoacids,Good
sodiumcocoylglutamate,Good
sodiumcocoylglycinate,Good
sodiumcocoylisethionate,Good
sodiumdehydroacetate,Good
sodiumdilauramidoglutamidelysine,Good
sodiumgluconate,Good
sodiumhexametaphosphate,Good
sodiumhyaluronate,Best
sodiumhyaluronatecrosspolymer,Best
sodiumhydroxide,Average
sodiumhydroxymethylglycinate,Good
sodiumlactate,Good
sodiumlactobionate,Average
sodiumlaureth-13carboxylate,Good
sodiumlaurethsulfate,Good
sodiumlauroamphoacetate,Good
sodiumlauroyllactylate,Good
sodiumlauroyloataminoacids,Best
sodiumlauroylsarcosinate,Good
sodiumlaurylglucosecarboxylate,Good
sodiumlaurylsulfate,Poor
sodiummetabisulfite,Average
sodiummethylcocoyltaurate,Good
sodiummethyltaurate,Good
sodiummyrethsulfate,Good
sodiumpalmate,Poor
sodiumpalmkernelate,Poor
sodiumPCA,Best
sodiumPEG-7oliveoilcarboxylate,Good
sodiumphytate,Good
sodiumpolyacrylate,Good
sodiumpolyacrylatestarch,Good
sodiumsalicylate,Average
sodiumsilicate,Poor
sodiumstearoyllactylate,Good
sodiumsulfite,Average
sodiumtallowate,Poor
sodiumthioglycolate,Poor
sodiumtridecethsulfate,Good
Solanumlycopersicumextract,Average
Solanumtuberosumextract,Good
solvent,Good
Sonojell,Good
soothingagent,Best
sorbeth-230tetraoleate,Good
sorbicacid,Good
sorbitanlaurate,Good
sorbitanoleate,Good
sorbitanolivate,Good
sorbitansesquioleate,Good
sorbitanstearate,Good
sorbitol,Good
soyextract,Best
soyisoflavones,Best
soyoil,Best
spearmintoil,Poor
SPF,Best
sphingolipids,Best
Spiraeaulmaria,Best
spirulina,Good
squalane,Best
squalene,Best
St.John'swort,Good
staranise,Poor
steapyriumchloride,Good
stearalkoniumchloride,Good
stearalkoniumhectorite,Good
stearates,Good
steareth-20,Good
stearicacid,Good
stearylalcohol,Good
stearyldimethicone,Good
stearylglycyrrhetinate,Best
stearylmethicone,Good
stearylstearate,Good
styraxbenzoin,Poor
styrene/acrylatescopolymer,Good
sucrose,Good
sucrosestearate,Good
sugarcaneextract,Average
sulfates,Good
sulfur,Poor
sunflowerseedoil,Best
sunprotectionfactor,Best
superoxidedismutase,Best
surfactant,Good
sweetalmond,Good
sweetalmondoil,Good
Symphytumofficinaleextract,Poor
syntheticbeeswax,Good
syntheticwax,Good
Szechuanpeppercorn,Poor
talc,Good
tallow,Poor
tamanuoil,Good
Tanacetumparthenium,Average
tangerineoil,Poor
tannicacid,Best
tapiocastarch,Good
tartaricacid,Best
TEA,Good
TEA-laurylsulfate,Poor
teatreeoil,Good
terephthalylidenedicamphorsulfonicacid,Best
tetradibutylpentaerithritylhydroxyhydrocinnamate,Good
tetrahexyldecylascorbate,Best
tetrahydrobisdemethoxycurcumin,Best
tetrahydrobisdemethoxydiferuloylmethane,Best
tetrahydrodemethoxycurcumin,Best
tetrahydrodemethoxydiferuloylmethane,Best
tetrahydrodiferuloylmethane,Best
tetrahydromethoxycurcumin,Best
tetrahydroxypropylethylenediamine,Good
tetrapeptide-30,Best
tetrasodiumEDTA,Good
tetrasodiumetidronate,Good
tetrasodiumglutamatediacetate,Good
Theobromacacaoseedbutter,Best
thiamineHCL,Good
thickeningagent,Good
thiocticacid,Best
thiodipropionicacid,Average
thiotaurine,Good
threonine,Good
thymeextract,Average
thymeoil,Poor
thymushydrolysate,Average
Thymusserpillumextract,Poor
Thymusvulgaris,Average
Thymusvulgarisoil,Poor
Tiliacordata,Best
titaniumdioxide,Best
tocopherol,Best
tocopherolacetate,Best
tocopherylacetate,Best
tocopheryllineolate,Best
tocotrienols,Best
tomatoextract,Average
tormentilextract,Poor
tragacanth,Good
tranexamicacid,Best
trehalose,Good
tremellafuciformissporocarpextract,Best
tribehenin,Good
tribeheninPEG-20esters,Good
tricaprylin,Good
trideceth-12,Good
trideceth-6,Good
tridecylsalicylate,Good
tridecylstearate,Good
tridecyltrimellitate,Good
triethanolamine,Good
triethoxycaprylylsilane,Good
triethoxycaprylylsilanecrosspolymer,Good
triethoxysilylethylpolydimethylsiloxyethylhexyldimethicone,Good
triethylhexanoin,Good
Trifoliumpratense,Good
triglyceride,Good
trigonellafoenum-graecumseedextract,Average
trihydroxystearin,Good
triisocetylcitrate,Good
trilaurin,Good
trimethylsiloxyamodimethicone,Best
trimethylsiloxysilicate,Good
trioclanolin,Good
trioctanoin,Good
trioctyldodecylcitrate,Good
tripeptide-1,Best
tripeptide-29,Best
tripeptide-32,Good
Tripleurospermummaritimumextract,Good
trisodiumEDTA,Good
Triticumvulgare(wheat)germextract,Good
Triticumvulgareoil,Good
troxerutin,Best
tryptophan,Good
turmeric,Good
ubiquinone,Best
Ulmusfulvabarkextract,Good
ultramarines,Good
Ulvalactucaextract,Good
Uncariatomentosaextract,Average
Undariapinnatifida,Good
urea,Good
Urticadioica,Average
UVA,Poor
Uvaursiextract,Best
UVB,Poor
VA/crotonatescopolymer,Good
Vacciniummacrocarponfruitextract,Best
Vacciniummyrtillus,Good
VaccinumAngustifolium(blueberry)fruitextract,Best
valine,Good
Vanillaplanifoliafruitextract,Good
verbenaextract,Poor
vetiveroilorextract,Poor
vinyldimethicone/methiconesilsesquioxanecrosspolymer,Good
Violatricolorextract,Average
vitaminA,Best
vitaminB1,Good
vitaminB12,Good
vitaminB2,Average
vitaminB3,Best
vitaminB5,Good
vitaminB6,Average
vitaminC,Best
vitaminD,Good
vitaminE,Best
vitaminF,Best
vitaminH,Good
vitaminK,Good
Vitisvinifera,Best
volatileoil,Poor
VP/eicosenecopolymer,Good
VP/hexadecenecopolymer,Good
walnutextract,Average
walnutoil,Good
walnutshellpowder,Average
water,Good
watercressextract,Average
watermelonfruitextract,Best
wheataminoacids,Good
wheatgermglycerides,Good
wheatgermoil,Good
wheatprotein,Good
wheyprotein,Good
whitenettle,Average
whiteoakbarkextract,Poor
whitetealeafextract,Best
whitewillow,Good
wildginger,Poor
willowbark,Good
willowherb,Best
wintergreenoil,Poor
witchhazel,Poor
xanthangum,Good
xanthophyll,Best
Ximeniaamericanaoil,Good
Xixin,Poor
xylitol,Good
xylitylglucoside,Good
xylose,Good
xymenynicacid,Good
yarrowextract,Poor
yeast,Good
yeastextract,Good
yellow5,Good
yellow5lake,Good
yellow6lake,Good
yerbamateextract,Best
ylangylang,Poor
yogurt,Average
yuccaextract,Average
Yuccaschidigera,Average
Zanthoxylumpiperitum,Poor
zinc,Best
zinccarbonate,Poor
zincgluconate,Good
zincoxide,Best
zincPCA,Best
zincstearate,Good
zincsulfate,Poor
Zingiberaceae,Poor
Zingiberofficinaleroscoe,Poor
Zingiberzerumbet,Poor
Zizyphusjujubafruitextract,Good